pm2_5_actual,pm2_5_predicted,pm10_actual,pm10_predicted,so2_actual,so2_predicted,no_actual,no_predicted,no2_actual,no2_predicted,nh3_actual,nh3_predicted,o3_actual,o3_predicted,co_actual,co_predicted
15.255833333333332,12.074963,19.097083333333337,3.8372738,11.0125,5.9046555,1.2475,0.59197766,9.690000000000007,11.919526,1.8579166666666664,1.9956161,60.50666666666665,38.25862,320.85291666666666,336.30478
4.5925,12.977679,6.54291666666669,6.586406,2.16625,6.727794,0.0779166666666666,0.6696914,4.650000000000021,12.608572,1.58625,1.9087927,53.137499999999996,38.20015,314.17625,345.30408
4.630833333333333,11.748089,6.496666666666659,2.241267,1.2074999999999998,5.5236077,0.145,0.6009081,2.4154166666666446,11.7910185,1.5633333333333337,1.869108,49.72416666666664,36.312717,277.87833333333333,337.64005
7.454166666666666,11.511455,10.269583333333351,1.3858346,2.7075,4.9694686,0.4441666666666666,0.5664931,4.801666666666649,11.17184,2.3320833333333333,1.788418,40.85125,36.297424,325.9975,334.475
10.371666666666666,12.564875,13.471666666666648,3.5278177,4.212083333333333,5.0659738,1.595416666666667,0.654126,8.005416666666683,11.140711,2.697083333333333,1.895112,30.140416666666688,34.036125,340.0441666666667,349.28952
5.750416666666666,13.073993,9.525000000000004,4.1860533,1.7608333333333333,5.1515503,0.5666666666666667,0.71686673,8.540833333333342,11.109688,4.420833333333333,1.9460783,18.14,32.138145,393.03291666666667,358.1465
3.918333333333333,12.40891,6.795833333333323,-1.1496195,1.85125,5.010737,0.8933333333333334,0.844328,7.610416666666652,10.943453,4.182916666666666,2.4647655,17.174583333333327,23.884438,357.98625,372.21075
10.443333333333332,12.112806,13.291250000000005,-2.6511483,2.6558333333333333,4.987588,0.5279166666666667,0.8594455,7.709166666666673,10.852885,2.489583333333333,2.533657,38.88333333333335,22.296852,341.2958333333333,372.10468
16.106666666666666,14.259187,18.874166666666657,6.170162,5.825,5.3024898,0.3070833333333333,0.828884,9.788749999999977,11.00478,2.192083333333333,2.107156,40.9583333333333,29.508493,391.225,375.98206
35.20791666666667,15.983932,38.79583333333331,11.270922,7.137916666666667,5.982529,0.5541666666666667,0.90694815,13.97666666666667,11.673073,3.3408333333333338,2.008725,48.15166666666668,31.669514,432.53124999999994,389.52417
12.067083333333334,19.46428,15.913333333333329,19.562431,2.2583333333333333,6.4752812,0.3433333333333333,0.9864538,12.350000000000021,11.64628,5.2091666666666665,2.027642,28.694166666666668,35.13013,473.6979166666667,410.49265
47.7,15.430173,54.83041666666668,6.343731,9.3725,5.7804894,1.7387500000000002,1.0747464,33.9975,11.484222,6.926666666666667,2.8071868,17.94458333333331,23.156971,831.6829166666666,411.99652
67.74791666666667,33.458187,73.18916666666668,35.818073,7.715416666666668,9.390863,1.2854166666666669,2.2632542,30.184166666666666,13.947819,5.46125,3.0452788,19.132499999999997,25.956524,877.5783333333334,616.9468
24.97958333333333,43.635063,28.790000000000028,49.35467,3.7566666666666655,8.066451,0.15,2.1330705,15.116250000000006,13.251669,3.1775,2.6240523,35.88166666666665,33.697853,544.34875,666.08704
50.16208333333333,27.491734,55.491249999999994,32.188343,31.612499999999997,5.669589,0.8562500000000001,1.2887971,28.38250000000003,12.025658,3.21625,2.2372801,53.582500000000024,33.837257,628.9075000000001,510.39536
31.879583333333336,40.58077,36.398333333333326,49.47777,19.521666666666665,11.228355,0.21375,2.1395874,16.361666666666657,15.903105,3.805,2.1344545,73.99791666666668,38.020496,538.2291666666666,630.86597
24.472916666666663,29.646606,29.372500000000016,37.085747,23.907916666666665,8.171591,0.6325,1.4771688,15.45083333333333,14.527115,5.302083333333333,2.2653704,72.47333333333337,37.510952,400.40416666666675,529.7688
25.269166666666667,20.873383,30.877916666666664,22.437672,29.68208333333333,8.814654,0.7870833333333334,1.2707516,16.334583333333345,14.947944,4.372916666666667,2.7220268,84.5045833333333,33.504944,400.54374999999993,457.78302
22.71375,20.331371,28.167500000000015,22.987717,27.95458333333333,10.90193,0.7783333333333334,1.2246016,16.934583333333318,15.983376,5.075833333333334,2.7639837,70.48083333333335,37.184914,393.4504166666666,438.4516
23.85833333333333,15.6759205,30.418333333333365,12.112813,16.337083333333336,11.968797,0.6054166666666667,1.1167182,13.87875000000001,16.547691,5.964166666666666,3.2472496,82.63,33.88346,407.4962499999999,401.07928
28.290833333333328,13.503831,36.46708333333333,5.890318,10.112916666666669,10.580251,0.3095833333333333,0.94693154,11.547083333333337,15.622224,7.186249999999999,3.7594461,92.34125,32.569336,442.26708333333335,377.32132
28.703333333333333,11.731254,36.037083333333364,-1.269709,6.60375,9.693533,0.2595833333333333,0.8735058,8.45458333333334,14.652456,6.800833333333333,4.6249347,105.15666666666665,28.666252,423.9079166666667,363.09357
29.562916666666666,11.676614,36.98375000000002,-1.280993,12.933749999999998,9.331363,0.3516666666666666,0.8143436,10.075000000000005,14.180409,6.35125,4.9197793,93.16291666666667,29.71402,420.84833333333336,357.58514
22.765416666666667,14.290826,27.00166666666667,7.0691233,16.02625,11.108732,0.17375,0.9765669,14.893749999999981,15.317849,4.608333333333333,5.058957,59.2920833333333,31.849167,436.42541666666665,384.19144
28.757499999999997,14.169516,33.45874999999999,7.1680126,24.24458333333333,12.973405,0.9445833333333334,1.0351892,27.06791666666665,16.348518,2.935833333333333,4.716172,22.017083333333357,32.230904,503.32125,383.7315
23.2775,17.560066,27.67125000000001,15.999035,26.7375,18.050514,0.8779166666666667,1.4503083,25.076250000000023,18.85197,3.1491666666666664,4.079408,25.904583333333346,32.906143,488.9954166666666,428.6452
19.50166666666667,16.035007,23.251250000000006,11.278854,31.3525,18.36976,1.2212500000000002,1.572005,25.032916666666644,19.536228,2.999166666666667,4.064773,31.810416666666697,28.381924,450.4716666666666,432.805
20.932916666666667,15.070064,23.88583333333336,8.63186,35.30458333333333,18.818441,1.2391666666666663,1.5986687,27.389583333333352,19.854383,2.4008333333333334,3.862964,24.14375,26.929762,437.53791666666666,427.2592
21.051666666666662,15.230577,25.079583333333318,9.441608,42.939166666666665,19.138971,1.694583333333333,1.6194884,29.395833333333325,20.086203,3.310416666666667,3.5616357,26.478749999999977,27.651558,443.6583333333333,428.4725
14.39083333333333,13.426967,17.19375000000002,3.3201573,32.0575,19.428535,1.4854166666666666,1.6755706,23.119166666666658,20.457624,3.0079166666666666,3.8143811,27.082916666666655,23.313522,403.74249999999995,422.38992
11.254583333333334,11.897579,13.91708333333333,-1.5014077,31.46083333333333,15.851209,1.33375,1.400687,18.267916666666693,19.196787,3.2295833333333337,3.8995225,38.563750000000006,22.897371,340.0445833333333,398.70108
14.507500000000002,10.043746,18.849583333333356,-8.339533,37.79,14.005507,1.9170833333333333,1.2013613,21.598333333333322,18.427948,4.90625,4.028667,39.27916666666663,21.287512,362.9925,373.25354
15.951666666666664,9.963566,21.255833333333303,-9.772058,28.47666666666667,14.667543,1.7054166666666664,1.2763315,22.926666666666684,18.31466,6.164583333333333,4.7040277,31.342916666666653,19.001074,409.1666666666667,376.40515
16.34875,10.124527,22.005416666666687,-9.964365,17.225833333333334,12.610781,1.86625,1.1919122,23.242083333333348,16.894157,5.6379166666666665,5.52193,18.23916666666668,18.453768,490.9441666666666,375.5805
22.0925,10.363076,28.986250000000005,-9.745591,17.613333333333333,11.368671,1.3479166666666669,1.1762553,26.71791666666667,16.016739,5.964166666666666,5.8690143,24.687499999999986,17.371586,548.9375,379.22098
27.2625,11.501572,35.01291666666668,-6.416665,7.089166666666666,12.5442,0.7195833333333334,1.3923054,19.124166666666643,16.596035,6.425416666666667,6.0377192,47.89000000000002,15.834315,547.965,402.9167
26.78458333333333,12.968392,33.831250000000004,-1.12223,6.693333333333333,10.042508,0.3208333333333333,1.2570329,12.882083333333336,15.037527,4.617500000000001,5.7688165,52.26541666666667,19.042402,444.2129166666667,409.27652
19.70833333333333,13.918749,27.6483333333333,3.675707,9.646666666666668,9.583234,0.0016666666666666,1.1136367,17.850000000000005,14.582748,7.79,4.831459,20.981666666666673,24.720499,489.5533333333332,399.94125
25.96388888888889,13.345056,33.12833333333333,-1.4948083,24.23333333333333,10.160888,1.9883333333333335,1.3878702,22.072777777777784,14.858733,4.498888888888889,5.981602,38.7683333333333,15.985321,482.69222222222226,422.92426
21.089166666666667,17.48045,27.077083333333356,11.88426,23.13125,15.462766,0.8170833333333333,1.7080945,24.612083333333317,17.330578,4.985416666666667,4.6782393,28.780416666666643,23.754654,485.7975,454.86584
17.79375,16.832958,23.22083333333331,10.077481,27.64958333333334,16.346085,1.0333333333333334,1.7893659,27.446666666666665,17.997593,4.91375,4.7042394,23.028749999999988,22.20193,447.13375,457.54782
22.35625,14.731878,27.91000000000003,4.7569222,32.807916666666664,17.969404,2.782916666666667,1.7801929,29.502083333333346,18.772738,5.290416666666666,4.6579857,23.66791666666667,20.349293,480.3729166666667,438.4865
21.4275,14.962329,27.450416666666666,5.332203,16.226666666666667,20.647348,0.9395833333333331,1.937324,22.134583333333342,19.63624,5.392916666666667,4.7111974,31.438750000000006,20.195833,498.5916666666667,444.86646
17.488333333333333,14.124082,22.389999999999976,3.1446393,10.9625,15.625088,0.4054166666666667,1.5883118,17.602916666666655,17.869085,4.763333333333333,4.8080635,28.87374999999999,20.837425,462.84958333333327,426.17975
12.74125,12.459037,16.314583333333317,-1.7757808,11.002083333333331,13.44349,0.46583333333333327,1.3755912,18.427916666666682,17.05132,4.440833333333333,4.6831694,21.808333333333362,19.957996,413.3379166666667,403.43896
8.004583333333333,11.845222,11.914583333333322,-3.7905278,22.83875,12.517021,0.8462500000000001,1.3048345,19.395833333333325,16.672874,5.551666666666667,4.503804,21.859583333333337,19.425732,332.255,395.13327
13.353333333333332,10.070826,18.218333333333316,-11.315098,34.3525,15.241985,2.4666666666666663,1.4214059,21.863333333333316,17.833328,5.7075,4.8329105,29.973750000000006,14.634042,353.11791666666664,383.0547
12.681249999999999,10.897089,17.192916666666658,-8.186548,31.46583333333333,19.83038,2.5025,1.6847047,18.87041666666665,19.215862,4.49,5.1149254,35.272083333333356,15.033432,331.84041666666667,396.67654
13.383749999999997,10.781905,18.605000000000008,-6.8330116,41.95125,19.844688,3.297916666666667,1.4537526,23.183333333333316,19.000353,4.704583333333333,4.7773886,27.701250000000012,19.822924,333.7858333333333,377.89383
21.09125,9.659527,28.059999999999974,-11.160747,22.93958333333333,22.67396,1.5408333333333335,1.4887645,19.149583333333332,20.127789,5.423749999999999,5.001898,42.461666666666694,17.994219,406.38416666666666,368.71158
14.188750000000002,10.4993725,18.78499999999997,-7.6464195,21.84083333333333,17.773699,1.0366666666666666,1.3053563,14.735416666666664,18.376997,5.334166666666667,5.3457747,51.20791666666668,20.505142,335.5933333333333,371.5545
13.25416666666667,8.187469,17.267916666666665,-17.818018,20.611666666666668,15.824561,0.4308333333333333,1.0749557,16.36791666666669,17.782776,3.8320833333333333,5.560474,33.73583333333331,17.636444,333.36833333333334,342.92838
13.449166666666665,9.0213995,17.80916666666666,-12.527106,32.604166666666664,16.109901,2.119166666666666,1.0567802,26.490000000000023,17.893936,4.147916666666666,4.927564,13.697083333333357,21.863846,390.8083333333333,346.0711
38.187916666666666,9.565587,46.45624999999998,-10.986219,19.691666666666663,19.823513,2.69875,1.319362,24.77749999999998,19.343945,4.3966666666666665,5.023034,37.316250000000004,19.504501,501.92958333333326,362.52643
20.535,14.051677,26.712500000000013,5.629144,23.47125,17.467142,1.3950000000000002,1.3596147,18.950833333333325,18.032448,4.657916666666667,4.609298,39.14208333333334,27.49112,406.66291666666666,396.8093
38.687916666666666,10.372777,44.9241666666667,-8.009253,30.934583333333336,15.378546,2.887916666666667,1.2291702,31.220416666666672,17.763725,3.3937500000000007,5.1006713,31.580833333333317,20.075642,528.9125,370.79828
27.38583333333333,16.439045,32.51083333333335,11.842201,34.525416666666665,19.164701,1.9062500000000002,1.6081696,31.460416666666678,18.72828,3.482083333333333,4.303179,15.491666666666674,28.035206,500.4008333333333,427.16708
26.30375,13.824156,30.10500000000002,3.4821002,24.930000000000007,18.449402,2.14,1.6475729,20.48750000000002,19.149002,3.780833333333333,4.5660458,41.238749999999996,22.042892,409.1650000000001,420.32425
14.77958333333333,12.815493,19.168750000000028,1.0637267,18.54458333333333,15.624933,0.8358333333333332,1.370704,13.686666666666643,17.95287,4.794583333333334,4.3857493,42.69125000000001,23.628216,332.8120833333333,397.02533
16.830833333333334,10.153338,21.948333333333352,-9.154684,12.186666666666667,13.626503,0.6166666666666666,1.1933401,16.716666666666654,17.231283,5.180416666666667,4.7540407,29.578333333333322,19.37185,407.21874999999994,370.28958
16.332916666666666,11.4529,21.454166666666687,-4.951211,12.6375,12.49835,0.7095833333333333,1.2494336,12.774166666666643,16.43294,5.395,4.9116044,47.78708333333336,19.696293,346.9983333333334,386.08096
21.224166666666665,10.402291,26.697083333333357,-8.838732,11.082083333333332,11.336829,0.4524999999999999,1.1157792,9.870000000000013,15.687835,4.3625,4.957436,68.94041666666666,18.931927,346.16375,369.7682
27.692499999999995,11.503199,34.13958333333331,-3.1547582,8.287916666666666,11.190631,0.7320833333333333,1.0214686,13.182083333333345,15.205464,7.294583333333333,4.3830323,53.688333333333354,24.669167,450.3324999999999,366.3472
17.025000000000002,11.885543,21.62666666666666,-4.646918,24.613750000000003,11.237996,0.6758333333333333,1.2189112,20.10958333333332,15.040267,4.136666666666667,5.375846,38.63125000000001,18.719263,367.1641666666667,387.64108
13.9525,12.042022,18.027499999999986,-2.2962825,17.2025,14.496689,1.3595833333333334,1.2943403,19.517083333333346,16.933615,3.942083333333333,4.5732074,21.09625,21.75095,393.31125000000003,385.28915
9.343333333333334,12.119474,13.37375,-2.1396396,10.41375,14.521178,0.2675,1.312319,13.84500000000001,16.965834,5.7225,4.4420877,33.06583333333332,21.663258,344.49583333333334,386.8881
13.721249999999998,9.765971,16.83708333333334,-12.047056,27.60625,11.983369,2.535833333333333,1.1429508,22.370416666666646,15.894165,4.1425,4.9462934,21.930833333333318,16.654476,365.35583333333335,364.8887
16.44125,11.479756,18.67291666666664,-5.00045,26.464583333333334,18.279318,2.7495833333333333,1.5433198,23.32666666666668,18.505398,1.627916666666667,4.415792,27.980833333333333,18.22396,367.99916666666667,390.4792
23.39916666666667,13.646468,30.99166666666665,5.0499654,17.785,18.886816,2.517916666666667,1.4475495,20.848333333333343,18.904224,5.28375,3.291497,31.94249999999997,27.160238,493.44625,394.0643
14.589166666666667,12.972481,19.28374999999999,-0.31808874,17.729583333333334,17.472042,1.4262499999999998,1.664137,18.509583333333325,18.45216,4.510833333333333,4.282602,30.875833333333325,18.919245,389.13874999999996,412.88922
19.0025,11.199124,22.049583333333317,-5.788076,8.27375,15.252997,1.7308333333333332,1.4147184,13.79416666666668,17.774342,2.89125,4.170476,47.62416666666666,18.277176,417.6491666666666,387.20944
13.966666666666669,13.157908,19.53124999999997,2.5977056,8.367083333333333,13.594895,0.9725000000000001,1.2792057,13.147083333333327,16.884819,5.62625,3.4135492,35.28625000000003,25.136492,387.6091666666667,390.76157
11.586666666666666,10.634919,16.873749999999983,-8.984501,11.877916666666666,11.363478,1.5708333333333335,1.2590702,13.548749999999998,15.835525,7.1466666666666665,4.370187,32.97958333333335,15.990993,385.24458333333337,381.31335
7.132916666666667,10.6593075,11.98208333333334,-10.379378,6.914583333333334,11.718957,0.6983333333333333,1.3666782,9.197916666666677,15.596176,5.557083333333334,4.9989815,38.530833333333355,12.908069,333.92625000000004,387.82242
3.485,10.318226,6.690000000000005,-10.097073,3.3666666666666667,10.363167,0.0,1.1182786,5.998333333333348,14.7225895,5.53,4.495928,29.859999999999992,16.948488,297.625,367.9869
8.363333333333333,9.566023,13.107777777777748,-13.573615,7.864999999999998,9.08717,0.8944444444444445,1.0411698,13.584444444444442,14.14223,6.071111111111112,4.6685467,28.287777777777784,15.078839,382.0,361.60648
8.249583333333334,11.0560465,13.165416666666676,-8.964737,8.672083333333333,10.308886,1.4545833333333336,1.2721865,12.419583333333351,14.5474415,6.573333333333333,5.00976,24.08083333333336,13.91572,370.22333333333336,386.9623
6.152083333333334,10.51006,9.680416666666668,-11.283947,4.489583333333333,10.197227,0.61125,1.2422645,8.81291666666668,14.397143,4.300416666666666,5.065929,28.054999999999982,12.773377,309.72625,380.507
1.82125,10.134321,3.519166666666635,-10.766215,1.5833333333333333,9.342534,0.2029166666666666,1.0346408,4.392083333333323,13.991453,3.648333333333333,4.26208,28.617500000000007,17.122755,258.6829166666667,362.3123
4.864999999999999,9.479647,9.657500000000024,-12.417377,5.504166666666666,7.9088697,0.4083333333333333,0.8725162,8.493750000000013,13.2271385,5.661666666666666,3.8127422,30.975416666666664,18.885628,315.14958333333334,348.03152
9.783333333333331,9.537201,14.923333333333337,-14.102083,11.850000000000001,8.79289,1.2008333333333334,1.0354912,13.008333333333322,13.679735,6.1000000000000005,4.3218884,33.537916666666675,14.376896,349.08500000000004,359.89325
9.323333333333332,10.011559,13.455000000000016,-12.657009,7.208749999999999,10.695328,0.7141666666666667,1.2193583,12.238749999999984,14.801185,5.646666666666667,4.4723015,31.452500000000025,13.076472,367.7208333333333,372.3552
15.062916666666666,10.27649,19.12583333333331,-11.191111,16.896666666666665,9.890795,0.3891666666666666,1.1566614,16.40000000000002,14.3546,3.8616666666666655,4.3630595,32.667499999999976,14.517864,417.9283333333332,371.77332
16.617916666666666,12.679894,20.77458333333334,-1.4041257,15.68125,13.377454,0.65125,1.4191118,21.377916666666675,16.309593,3.7387499999999996,3.7529583,19.231666666666676,18.977175,438.7895833333334,398.11127
15.082916666666668,13.138783,20.377083333333346,0.32530636,12.472499999999998,13.858886,1.1170833333333334,1.4905009,21.62000000000001,16.885777,4.595416666666666,3.5616462,12.623333333333342,19.439146,456.7295833333333,407.09058
39.1125,12.501586,44.49500000000003,-2.767579,13.352916666666664,13.291379,4.060416666666667,1.5310899,18.132499999999983,16.692934,2.9579166666666663,3.8448505,42.20416666666667,16.38914,421.40416666666675,409.015
34.30166666666667,17.085367,40.13833333333331,13.073426,9.561666666666666,14.433226,1.1191666666666666,1.4830191,12.441666666666647,16.587946,3.7362499999999996,2.979895,53.238333333333365,28.111425,432.11291666666665,422.8466
33.51083333333333,16.035904,38.5670833333333,10.228072,13.112916666666663,12.469549,1.02625,1.3617734,-400.06,15.87131,3.203333333333333,3.135293,42.977499999999985,26.951908,465.90875,414.21487
31.92375,17.156301,37.48416666666663,15.762104,9.980833333333337,9.698068,0.6095833333333333,0.96374744,13.912083333333356,14.313068,4.29125,3.0807328,57.59333333333334,37.314953,471.19416666666666,391.89728
39.07708333333333,16.464373,45.16666666666664,13.957855,13.659166666666666,11.161433,0.8962500000000001,1.0247486,25.179583333333305,15.268362,4.7675,3.2178392,32.40708333333335,36.564766,573.6945833333333,393.1561
56.739999999999995,18.974932,63.154166666666676,18.7004,13.192916666666667,9.841278,2.6704166666666667,1.0862267,18.185833333333346,14.37836,4.65875,3.506663,48.43583333333336,36.53367,600.6745833333333,418.90207
25.40333333333333,24.561684,28.18416666666665,30.635454,9.760416666666666,9.535432,0.42124999999999996,1.1023575,10.125833333333334,13.821838,2.631666666666667,3.1476324,68.47749999999998,42.958126,432.2529166666666,444.01126
33.85208333333333,17.785229,37.112083333333366,18.680395,12.279166666666669,7.5564814,0.25,0.7943395,11.749999999999998,12.921114,2.704166666666667,2.7962813,57.83958333333335,42.16021,485.9354166666667,385.44705
51.70125,22.66764,55.75375000000001,29.24485,13.902916666666668,9.146906,0.6587500000000001,0.9520969,-402.3866666666666,13.839532,2.749166666666667,2.5191104,61.1225,46.060425,467.44000000000005,416.73166
32.427083333333336,24.880508,35.97750000000001,36.194923,6.023749999999999,6.922782,0.6270833333333333,0.6551555,10.258333333333354,11.898108,2.7816666666666667,2.4645762,75.27708333333337,57.755466,440.0404166666666,392.22775
40.25083333333333,21.396687,43.88250000000003,29.77219,7.195833333333332,7.4541187,0.4033333333333333,0.6552113,10.286666666666683,12.713746,2.2341666666666664,2.4300299,73.65041666666664,55.251842,441.71,380.81543
22.010416666666668,24.902555,26.635416666666668,37.56655,4.373333333333333,6.403997,0.9245833333333333,0.5971875,9.270416666666646,11.628668,3.03125,2.1464944,65.05625,61.0183,419.5975,385.63687
57.74666666666668,18.628874,64.10875,23.607483,14.42125,5.51634,1.87125,0.5473256,22.74833333333335,10.823246,2.54375,2.2930267,44.77333333333333,52.888386,504.85125,361.4548
8.01125,32.111248,13.388333333333359,46.65902,4.61125,8.693866,0.6120833333333334,0.90163684,9.023333333333342,13.019184,2.3000000000000003,1.9798989,30.848333333333347,58.21881,295.26125,438.96844
24.058333333333334,13.518333,28.937916666666638,8.184978,4.11125,5.2657585,0.3983333333333334,0.5713939,10.068750000000021,11.213665,4.087083333333333,2.3303,51.600833333333355,41.309776,428.21916666666675,347.1436
54.99916666666667,19.245829,59.55916666666667,20.801418,15.274583333333332,6.447473,0.6608333333333333,0.8101891,17.762916666666644,11.641385,1.0329166666666667,2.5470703,76.91916666666668,41.763145,454.3654166666667,394.53345
27.68875,32.701355,31.76625000000001,47.663467,25.38708333333333,8.182322,1.82875,0.89964354,24.106250000000003,12.6401005,1.9620833333333327,1.658694,37.65416666666667,58.065094,372.8670833333333,437.64737
25.8075,18.957422,29.781666666666673,21.005487,19.182916666666667,9.6755,1.32875,1.0133427,18.426666666666666,14.56415,1.9883333333333333,2.137462,44.521249999999995,40.525238,411.39166666666665,402.0778
7.364166666666667,19.917166,9.780416666666653,23.619862,11.159166666666666,10.33641,0.21708333333333332,1.0228759,12.222916666666672,14.606029,2.935833333333333,1.9955754,33.251249999999985,42.54918,313.06416666666667,400.86942
19.9025,13.0413065,25.185416666666637,3.6234586,35.02291666666667,8.863917,2.997916666666667,0.97719157,18.961250000000014,14.672836,4.599583333333333,2.4875968,47.64958333333335,29.4158,380.79375,374.18335
15.230416666666668,14.700177,21.017916666666647,7.291932,24.19541666666667,14.416508,0.7183333333333334,1.4042294,17.318750000000005,17.108097,3.22,2.832866,41.52250000000002,27.25032,344.3554166666667,403.15326
9.178333333333333,14.119381,13.801250000000007,6.8446736,24.93708333333333,12.498184,1.30875,1.1725154,14.672500000000023,16.398458,3.447083333333333,2.8410077,34.88291666666666,30.1838,316.26166666666666,387.10394
18.60458333333333,10.639586,23.925833333333316,-5.398606,20.76,12.871084,1.1470833333333337,1.075969,16.265000000000015,16.701288,6.703749999999999,3.270431,53.27833333333333,25.014132,379.8208333333334,359.40424
14.961666666666664,11.28897,21.035000000000025,-4.7657423,14.985416666666667,13.418837,0.5958333333333333,1.2311727,20.847083333333327,16.717253,7.790833333333332,4.2249584,32.991666666666674,21.629354,452.41833333333335,376.5009
66.89583333333333,10.175219,77.80083333333332,-11.063123,10.532083333333334,12.201266,1.39625,1.254395,19.849999999999998,16.183321,10.151666666666667,5.3430877,84.10625,15.527555,649.21375,377.2442
59.79291666666666,17.067253,69.09333333333332,10.165633,5.497083333333333,13.211933,0.5650000000000001,1.5299913,13.208750000000002,15.664368,6.378333333333333,5.636428,78.09625000000001,23.33554,572.7212499999999,440.34506
23.7125,17.240656,30.976666666666674,13.669052,5.605833333333333,9.843731,0.20583333333333334,1.1035262,13.249166666666692,14.239209,4.660416666666666,4.7691536,34.74125000000001,30.551516,452.14125,413.35086
22.27375,13.813718,28.313749999999967,4.37265,10.185,8.8266325,2.2695833333333333,0.98588014,20.470833333333346,14.199194,5.478333333333333,4.656016,25.176666666666677,26.80377,534.4754166666667,389.60678
9.890416666666669,17.643112,13.764166666666684,12.12567,7.209166666666667,11.726142,0.6591666666666667,1.4976696,15.034166666666659,15.952033,5.3500000000000005,4.9500537,20.714583333333337,23.705742,417.3716666666666,455.1719
12.184583333333334,13.684332,16.39749999999999,2.0574398,10.241666666666667,9.280685,1.2616666666666667,1.1622074,14.35666666666665,14.601718,5.049166666666667,4.684817,24.625000000000004,21.774529,391.3645833333333,405.56622
14.900833333333331,14.222613,19.904583333333346,3.5323315,16.827916666666667,10.787129,1.27375,1.300361,17.846250000000005,15.410119,4.039166666666667,4.3947816,24.797916666666676,21.590862,425.4383333333332,414.0565
23.144166666666667,15.285608,28.87749999999999,6.8118134,21.304166666666667,13.393943,1.595833333333333,1.49345,25.968333333333348,16.713367,3.8374999999999995,3.9456577,21.776666666666685,22.70934,472.72375,427.35684
18.648333333333333,16.344648,23.540416666666665,9.901176,11.372916666666669,15.976629,0.3166666666666667,1.6830415,17.32124999999999,17.854267,4.483333333333333,3.5705836,36.230000000000004,23.817427,434.75458333333336,440.78036
10.755833333333332,13.59367,15.534583333333304,2.458399,6.6775,12.291678,0.24375,1.3443203,14.9625,16.376001,5.839583333333334,3.5633762,32.193333333333335,22.375622,432.53124999999994,406.26163
21.15083333333333,11.728248,26.01791666666669,-5.3105903,14.7875,10.500673,0.6741666666666667,1.2762849,27.62791666666669,15.33517,5.4504166666666665,4.0741787,27.15875,17.205284,519.17625,394.41977
22.405833333333334,15.840109,26.611666666666665,6.410683,14.393333333333333,13.714917,0.29875,1.7385828,20.003750000000004,16.661459,4.149166666666667,4.0073385,37.71541666666668,19.311625,411.66875,448.63022
17.56083333333333,15.363058,22.73125,7.330742,11.497916666666669,12.506318,0.2716666666666666,1.4407339,18.310833333333317,16.208916,5.590416666666666,3.4931467,35.00291666666667,23.900497,443.6570833333333,422.4677
26.21166666666667,14.219933,30.961666666666698,2.4994318,14.69833333333333,12.411,0.4716666666666667,1.5144653,26.389999999999986,16.103529,4.791666666666667,4.166974,3.7649999999999726,19.305666,490.665,424.27655
17.140555555555554,17.629913,22.461111111111137,11.616452,25.73333333333333,13.793428,2.2972222222222225,1.7389538,20.783333333333324,16.69501,4.893888888888889,3.9366198,40.65555555555555,22.412233,395.7222222222222,460.10995
21.737916666666667,14.437323,27.97916666666664,3.6002407,25.39833333333333,15.6933365,1.5466666666666666,1.7103485,21.38500000000002,17.741484,5.017916666666667,4.08828,34.336666666666666,19.44756,410.69541666666674,431.30295
15.50583333333333,16.121246,20.741666666666692,9.06226,10.017083333333334,17.127213,0.6845833333333333,1.7159973,13.086250000000014,17.935549,4.4054166666666665,4.070012,44.680416666666645,23.658901,383.1591666666666,436.49805
22.605833333333333,13.27449,29.22625,1.9787251,7.883749999999999,12.764235,0.36125,1.2661542,11.445000000000022,16.257444,4.377916666666667,4.025868,58.099583333333314,23.981594,379.5425,394.53998
15.218333333333334,13.712002,19.3066666666667,4.3327456,11.621666666666668,11.868006,0.3541666666666667,1.1490346,12.82624999999999,15.713323,5.0512500000000005,3.7516189,51.885416666666636,27.160015,360.35083333333336,388.2389
15.480833333333337,11.920336,18.802083333333346,-2.4675946,8.026666666666667,11.820951,0.1941666666666666,1.1633539,10.349166666666669,15.89483,4.005416666666666,4.1242123,59.80625000000002,22.44821,336.9841666666667,380.64688
12.607916666666664,12.147561,17.491250000000026,-0.37221792,7.356666666666666,10.67254,0.24375,1.0060829,10.048750000000004,15.065038,6.07125,3.7412994,64.26124999999999,26.542864,344.2170833333333,369.20862
14.440416666666666,10.93921,18.82458333333331,-6.55009,9.21125,10.068149,0.2533333333333333,1.0396342,10.022916666666658,14.738154,6.117916666666666,4.39931,57.547499999999985,20.89354,349.9191666666666,368.1684
17.463333333333335,11.385835,22.101666666666677,-5.024762,11.332083333333332,10.408169,0.2270833333333333,1.0711333,9.26249999999999,14.779101,4.599583333333333,4.4877863,70.88458333333332,21.289997,328.08416666666665,372.42438
36.4,11.809095,46.13958333333332,-2.127398,6.611666666666667,10.956987,0.42291666666666666,1.0185655,6.669583333333323,15.028082,3.4079166666666665,4.0898876,92.08875,25.059443,351.8654166666667,367.5935
26.470416666666665,15.622732,34.07583333333335,12.330253,7.759583333333334,10.513604,0.3666666666666667,0.92677754,10.01333333333333,14.4715605,6.36625,3.2494652,81.50916666666666,36.20562,386.91375,376.59375
12.612499999999999,12.405634,15.122083333333334,-0.714979,2.120416666666667,9.958964,0.0916666666666666,1.0142467,5.611250000000023,14.380807,4.3429166666666665,4.391122,74.32666666666668,24.716644,340.46166666666664,374.6521
7.729583333333332,12.607248,9.881250000000001,1.7408713,2.429583333333333,8.35735,0.2083333333333333,0.8494337,6.977083333333335,13.624341,4.404166666666667,3.7043624,52.659999999999975,29.295576,338.2375,364.50967
17.632916666666667,12.404868,21.780416666666667,0.22190358,13.279166666666669,8.013922,0.54625,0.88228506,17.37374999999999,13.553622,4.495416666666666,3.7588298,40.91583333333333,27.028797,399.43000000000006,369.03445
15.344583333333333,14.8878145,19.7495833333333,6.9195585,10.867916666666666,10.5764475,0.3433333333333333,1.1742976,16.769583333333312,15.119048,3.5379166666666664,3.7233465,29.16166666666665,26.822475,413.4766666666667,402.7645
40.58958333333333,14.577995,47.33916666666668,6.379122,20.386666666666667,10.369088,3.2341666666666664,1.1659561,24.676249999999975,15.311091,2.94625,3.386387,40.355416666666656,26.76891,474.2533333333332,401.3228
26.952916666666663,20.656754,32.83375000000002,21.921888,7.820416666666666,14.591137,1.16125,1.5208201,11.245833333333309,16.99135,5.312916666666667,2.8369107,59.25500000000001,33.25541,398.3183333333333,448.65536
24.636666666666667,14.544088,28.07583333333331,5.9653397,8.070416666666667,9.639022,0.9141666666666667,1.1462086,15.888749999999984,14.711788,2.67125,3.4628696,46.47749999999997,26.06668,404.57625,400.41245
27.576666666666668,17.604624,31.150833333333306,15.617634,13.536666666666669,10.242781,1.0158333333333334,1.1638412,13.087083333333325,14.960023,4.9825,2.8225415,44.144166666666685,32.61535,382.32375,413.1326
6.997916666666666,14.528794,9.831249999999976,5.644463,1.2091666666666665,11.340829,0.3687499999999999,1.2770079,4.650416666666676,15.546475,2.43625,3.348288,34.75708333333332,24.947725,309.30833333333334,404.28888
4.439166666666666,12.246402,8.561666666666651,0.39783192,2.109166666666667,8.390246,0.6441666666666667,0.9273371,7.962500000000009,14.040302,6.21,2.8417795,22.168333333333326,27.145676,340.3229166666667,367.62628
13.06125,11.092093,18.643333333333306,-7.6790404,3.614166666666666,8.138876,2.460833333333333,1.1076202,9.630833333333316,13.666991,4.22375,3.8831916,37.97749999999999,16.68051,417.37125,379.94116
12.745,14.586827,16.646250000000013,4.6662397,23.577916666666667,8.777522,2.0708333333333333,1.2032175,15.039999999999987,13.755377,3.0629166666666667,3.3312273,42.54916666666664,23.027092,353.3958333333333,405.25632
12.78625,13.440673,16.591666666666633,2.401842,15.715833333333334,12.367966,0.2229166666666666,1.3197356,19.59000000000002,15.999791,4.386666666666667,3.0173857,41.768750000000026,23.29896,467.16125000000005,394.92285
18.39,14.518291,22.356666666666648,4.521838,15.699166666666663,12.086823,0.7208333333333333,1.4473822,18.63333333333333,16.077827,3.199583333333333,3.330075,31.627916666666646,21.957113,494.0033333333333,417.0852
15.810416666666669,15.425832,18.31375000000001,7.580803,6.298333333333333,13.098288,0.2633333333333333,1.5025444,13.563333333333343,16.609497,3.119166666666666,3.07992,44.70999999999997,23.990898,480.09625,424.08704
32.005833333333335,15.766328,36.768333333333324,9.164432,10.427916666666668,10.285494,0.7970833333333331,1.3197788,16.536666666666648,15.543682,2.42,2.8776982,54.32708333333332,25.947506,501.93041666666664,422.17038
26.96875,21.553448,31.937500000000007,23.605602,8.5175,11.391098,1.13625,1.437083,13.502083333333324,15.778694,2.775416666666666,2.4289234,43.32208333333335,33.858673,507.4937499999999,456.66867
7.885416666666667,20.002935,10.818750000000014,19.721706,2.810416666666667,10.483648,0.6879166666666666,1.4220097,9.20333333333335,15.516757,3.587083333333333,2.5383334,28.53624999999999,30.984364,402.9079166666667,453.6769
7.301666666666667,15.091853,10.743333333333327,7.5010285,2.375833333333333,8.134445,0.5508333333333333,1.1621776,10.273333333333355,14.320624,6.139583333333333,2.670049,32.26416666666666,26.14991,427.3858333333334,411.65646
5.4729166666666655,14.957948,8.26083333333333,4.2594676,2.0058333333333334,8.004946,0.3799999999999999,1.3374943,7.370833333333349,13.953912,3.000833333333333,3.4269934,31.05208333333332,19.94369,369.8054166666666,431.12878
12.219583333333334,15.845459,14.614583333333348,8.874774,4.7025,7.173556,0.7558333333333334,1.1236773,13.49208333333334,13.181509,2.4175,2.8074012,25.588749999999987,26.412474,402.62833333333333,415.29633
6.470833333333334,17.895765,8.605416666666665,14.709509,1.4291666666666665,7.299018,0.0525,1.1340013,7.814999999999988,13.0849285,2.857083333333333,2.4823387,32.581666666666656,30.018103,385.24458333333337,424.1251
10.121666666666668,15.295684,12.900416666666638,8.175848,1.384166666666666,6.0540013,0.0895833333333333,0.97580403,8.127916666666671,12.145652,3.27375,2.420316,40.09166666666665,28.018955,427.66291666666666,399.71933
21.817083333333333,16.792303,25.681250000000023,11.768206,4.900416666666667,5.9636173,0.8716666666666667,1.0080351,21.53166666666668,11.810707,5.822916666666667,2.3707464,12.674583333333315,29.213812,628.3520833333333,410.65027
12.764583333333334,22.50784,14.774583333333366,19.815535,2.39,7.2731166,0.55375,1.626646,15.012083333333313,12.858989,2.517916666666667,2.9864898,21.546249999999986,23.213913,574.1108333333333,508.2523
14.9675,23.07233,17.102083333333315,23.162346,1.9379166666666665,6.170619,0.28625,1.3575684,12.240416666666656,12.261255,2.615833333333333,2.3301046,28.79916666666668,28.65956,620.285,488.68286
26.5775,27.566872,33.08999999999997,30.322441,5.001666666666666,6.574112,1.3845833333333333,1.5676191,21.773333333333312,12.761397,5.759166666666666,2.202756,25.155833333333348,30.083904,860.0545833333334,536.34094
62.58958333333334,39.85416,68.74750000000002,42.402237,9.272083333333333,8.095217,6.7058333333333335,2.5830402,37.51499999999998,14.090322,5.3741666666666665,2.648248,13.57708333333335,25.891808,791.9070833333334,714.58826
36.12125,51.925907,39.51624999999998,56.919933,2.2020833333333334,8.623808,1.2291666666666667,2.5125716,17.48958333333334,13.787065,4.33,2.175979,37.64833333333333,35.524803,876.19,739.5479
60.432916666666664,50.90849,64.39416666666666,56.402542,2.603333333333333,6.951983,0.1729166666666667,2.309227,13.43291666666665,13.3129425,4.09,2.0749366,66.3775,35.41261,858.6649999999998,743.2624
51.34875,67.64314,55.77208333333336,72.78706,2.367083333333333,6.7357492,0.1279166666666666,2.1375914,12.022499999999992,12.915501,4.0025,1.6777837,65.04333333333336,46.742996,691.215,783.7675
61.62541666666666,55.349533,67.13166666666669,65.40395,5.275416666666667,5.475821,0.1429166666666666,1.5597793,19.953749999999985,11.957891,5.859166666666667,1.5738232,38.10250000000001,49.083572,712.0770833333333,669.87787
39.67666666666667,58.415913,44.34583333333332,67.32265,2.97125,6.0820737,0.2891666666666666,1.670747,11.954166666666678,12.1343975,3.333333333333333,1.7703083,52.765416666666646,49.212082,576.7541666666667,688.4458
68.59708333333333,43.49117,74.77333333333333,56.024666,27.52208333333333,5.103508,0.6649999999999999,1.1698465,27.638749999999984,11.238647,2.252083333333333,1.6112533,57.797916666666694,50.694706,701.78375,561.97986
37.3475,63.54435,41.89166666666668,74.828,20.304583333333333,9.621029,0.6066666666666667,1.8038609,20.92,14.7093935,2.18125,1.4534264,61.020833333333314,56.840256,601.6479166666667,679.33624
50.036666666666676,36.310543,56.2879166666667,49.070553,11.29625,7.3735223,0.69625,1.2677231,14.846666666666652,13.948883,3.6112500000000005,1.6147947,83.88625,48.71324,603.0395833333333,532.67755
44.461666666666666,34.53498,50.721250000000005,46.440586,8.969166666666666,7.281497,0.2966666666666667,1.2120528,9.467499999999982,13.503177,4.615833333333334,1.8404162,102.43125,48.079967,553.5279166666667,517.6469
42.41708333333333,26.852083,49.02791666666666,34.70608,10.046666666666669,6.905203,0.8487499999999999,1.0942912,10.901250000000001,13.245949,3.1954166666666666,2.235288,97.7875,43.00102,561.595,474.2563
57.51541666666666,29.522732,66.64166666666664,40.18065,10.095416666666669,7.6466937,0.7683333333333333,1.0820335,14.255833333333351,13.604759,4.159583333333333,2.087741,91.71250000000002,47.810425,635.5841666666668,475.0945
39.677083333333336,33.34244,46.39083333333336,44.585117,10.229583333333332,8.860092,0.8579166666666667,1.2659066,16.66541666666667,14.225321,3.41,2.2915306,61.34416666666664,47.5549,592.60875,508.47095
34.174166666666665,26.358131,39.86458333333337,33.303066,4.235416666666667,8.61381,0.5020833333333333,1.2568011,18.819999999999975,14.662886,6.958749999999999,2.4877248,37.90916666666667,40.67016,643.7895833333334,485.05765
12.277083333333332,23.760183,16.46416666666665,24.8463,2.674583333333333,7.8532248,0.9204166666666668,1.4317927,12.212499999999983,14.033438,5.220416666666667,3.4928272,42.386250000000004,30.559896,514.0308333333334,505.27814
11.594583333333333,21.077303,14.435416666666681,20.142807,1.8041666666666665,6.643261,0.6687500000000001,1.2453768,9.75458333333332,13.273007,4.380416666666666,3.395278,33.07458333333333,29.65249,488.57958333333335,476.169
6.034583333333333,21.861712,8.620833333333321,21.74808,1.2154166666666666,7.0314584,0.5166666666666667,1.2595203,6.677916666666684,13.168471,3.485,3.259793,33.21541666666666,30.949854,402.0729166666667,474.3906
21.13208333333333,19.113747,26.780833333333327,17.212172,2.97125,6.5089254,0.56875,1.0914104,11.358750000000018,12.883147,3.9983333333333335,2.8934894,43.808749999999975,31.285706,483.01708333333335,440.1382
38.06916666666667,23.379969,46.18999999999996,25.492191,7.202500000000001,7.2852864,0.6529166666666667,1.2453879,10.066666666666643,13.09996,2.1879166666666667,2.7276645,69.71125000000002,33.98304,504.8508333333333,472.26697
50.30500000000001,30.057768,58.49541666666666,39.388443,7.532083333333333,7.691579,0.31875,1.1812723,12.690000000000017,13.173473,1.9941666666666662,2.0151513,64.8275,44.55798,556.03125,483.74985
16.1175,35.40875,18.306250000000023,47.65256,6.552916666666667,7.8430448,0.6416666666666667,1.1944826,16.743750000000016,13.084822,1.632083333333333,1.7789336,26.110000000000014,49.451035,575.78,501.46082
12.021666666666668,24.784088,15.935833333333356,29.458529,3.76125,7.2397923,0.3191666666666666,1.2514768,9.403333333333324,13.576025,1.73125,2.0296543,42.36291666666667,36.7781,467.8570833333333,478.9457
14.705833333333333,22.56929,20.735,26.550976,3.6158333333333332,6.4481063,0.0775,1.0761437,8.082083333333308,12.918161,1.9141666666666663,1.7754873,63.21791666666668,38.136517,467.44000000000005,447.7844
39.47583333333333,22.678675,49.54916666666664,27.013142,6.827916666666667,6.595011,0.07625,1.0708513,6.359999999999984,12.957059,2.2495833333333333,1.7125413,95.12916666666663,39.10574,513.47375,445.07022
36.052083333333336,32.69451,43.47833333333334,44.57561,8.284583333333334,7.194515,0.05125,1.1321636,8.472499999999979,12.8923,2.3320833333333333,1.4775338,81.35999999999997,49.19322,497.61791666666664,484.0676
13.492499999999998,29.6989,14.807916666666694,40.212246,2.827916666666667,7.116767,0.0920833333333333,1.1003574,7.4458333333333515,13.022616,1.3825,1.5788331,50.276666666666635,47.258244,451.72291666666666,471.1132
5.627916666666667,23.65095,6.785416666666637,30.221535,2.0091666666666668,6.0228863,0.2008333333333333,0.96952254,8.521666666666686,12.677641,1.3829166666666666,1.6047776,29.950416666666673,43.080647,459.37375,440.02078
2.844583333333333,22.322594,4.306250000000018,26.720715,0.9095833333333333,5.6694813,0.05374999999999999,0.9930779,4.675833333333316,12.507309,1.747083333333333,1.6479844,35.04708333333333,39.922363,389.6958333333334,441.43582
11.335,19.035572,12.89291666666665,19.796421,2.994166666666666,4.890932,0.3041666666666666,0.8724647,12.331666666666676,11.636703,1.6441666666666668,1.6414208,27.2395833333333,37.668648,483.9891666666667,414.409
10.5875,23.65474,12.093333333333309,28.503078,1.655,5.366069,0.21708333333333332,1.0143174,8.340416666666663,11.756111,1.575,1.5610081,29.56791666666669,39.97886,425.2979166666667,448.30334
77.04833333333333,20.743742,87.75708333333331,23.229605,2.117083333333333,4.7170315,0.0870833333333333,0.8873892,5.009583333333329,11.021888,1.21375,1.5272937,87.45499999999997,38.846233,504.9904166666667,422.10785
106.17416666666666,50.590046,128.82666666666668,67.920975,3.879583333333333,5.161556,0.0641666666666666,0.8895954,3.549166666666653,9.86021,0.9479166666666665,0.99289566,116.82583333333334,66.158905,463.12916666666666,499.8891
111.54541666666668,58.33366,135.3454166666667,78.578476,6.75875,4.270287,0.0154166666666666,0.6563622,5.587500000000006,8.191154,1.4183333333333332,0.84691834,105.26166666666667,78.1341,532.2495833333334,472.091
107.41791666666668,62.068333,131.7229166666667,82.107574,8.953333333333333,4.2506785,0.02625,0.63788897,6.06874999999999,7.960531,1.70625,0.9025248,117.00416666666668,80.34952,515.1429166666667,475.73016
103.66125,58.497295,125.15875000000003,80.09026,7.827916666666668,4.1638436,0.1041666666666666,0.57619923,4.567083333333312,7.828804,1.1825,0.9540542,126.89750000000002,81.27585,497.4795833333333,455.16888
94.53791666666666,61.447803,109.55041666666669,84.35661,14.36125,4.2544637,0.2179166666666666,0.52786535,8.594583333333311,7.9068933,1.9870833333333329,0.92598253,107.37750000000003,86.20876,529.6070833333333,446.54144
97.4275,52.9575,110.0025,74.95712,7.695416666666667,5.277582,0.0620833333333333,0.6318851,5.69625000000001,9.554665,1.64875,1.1963853,104.84541666666672,77.82199,555.7524999999999,452.05258
59.36625000000001,56.15284,68.97958333333334,78.28707,4.89125,5.0790358,0.0666666666666666,0.61585575,4.772083333333353,9.452976,1.2775,1.2102572,89.25708333333337,79.927025,491.22166666666664,458.584
85.52625,35.49632,99.99624999999996,54.394806,13.744166666666668,4.5504165,0.0520833333333333,0.578205,9.347916666666682,9.639432,1.1375,1.5134654,96.52916666666664,66.35593,546.2966666666667,416.3869
44.81541666666666,52.274124,46.92416666666669,73.06855,5.164583333333334,6.2441607,0.053333333333333295,0.74995416,7.547083333333355,11.120011,1.1833333333333331,1.3510602,84.99666666666666,74.12048,475.7833333333333,475.41852
113.1575,27.800081,133.33833333333334,41.388657,10.174166666666666,4.8789716,0.0158333333333333,0.64596987,6.776249999999999,10.79946,0.21458333333333326,1.7102982,121.20708333333332,56.906055,536.0041666666667,410.753
137.53791666666666,63.46703,158.68124999999998,84.370155,5.77625,6.398423,0.0066666666666666,0.73565984,3.414166666666648,10.964259,0.2879166666666666,1.0865144,135.06291666666667,82.214035,553.25,489.5328
83.105,68.33301,86.39291666666666,90.283676,3.717083333333333,4.9601383,0.0395833333333333,0.5759996,4.117916666666657,9.215516,1.7895833333333335,0.97959316,104.57541666666671,89.407486,564.6541666666667,470.50684
17.908333333333335,39.851948,18.237916666666646,58.926407,0.8229166666666667,4.138718,0.0108333333333333,0.6131098,3.9299999999999944,9.325426,0.79625,1.4992373,60.85708333333336,66.85773,514.86375,442.0056
10.900416666666668,28.801123,11.453749999999983,41.37132,6.445,3.5826476,0.0058333333333333,0.64548665,8.05374999999998,9.518507,0.84,1.6275338,42.58666666666666,53.9576,504.0158333333333,430.26263
27.05208333333333,30.409143,29.766250000000017,42.8286,4.996666666666667,4.054963,0.0791666666666666,0.76192915,7.487916666666664,10.357319,1.86125,1.4786879,75.31083333333333,52.51296,498.5925,451.5446
30.250416666666663,32.686638,41.36958333333333,45.927643,3.0883333333333334,4.238988,0.19333333333333333,0.79550046,8.431249999999977,10.282023,2.8579166666666667,1.4042884,64.8275,53.997524,413.4783333333333,459.7706
13.344166666666666,27.701208,20.76041666666666,37.86886,1.0795833333333331,3.9976277,0.2720833333333333,0.7542883,4.535833333333344,9.860982,2.72,1.569258,62.80833333333332,49.759193,357.56875,437.39838
10.827083333333334,20.450918,14.052499999999982,24.048826,1.7775,3.7742949,0.6983333333333334,0.674219,5.814583333333341,9.521301,2.169583333333333,1.7541254,48.48375000000001,43.663925,430.1670833333333,398.78003
19.910416666666663,23.398256,24.103750000000005,29.213392,2.9170833333333337,4.2519636,1.0870833333333334,0.7958258,11.909166666666676,10.250123,2.43625,1.7159886,27.594583333333308,43.74719,485.7970833333333,425.5338
34.46333333333333,24.211191,42.36083333333337,29.383644,1.9041666666666668,4.6560016,0.7704166666666666,0.91169405,8.96999999999998,10.61492,2.08875,1.744884,42.87375,41.240566,429.74875,441.86658
38.232083333333335,24.687504,48.751666666666644,31.85153,1.1225,4.4724336,0.2962499999999999,0.8011164,5.033750000000002,9.99231,2.3058333333333336,1.5200835,63.38583333333334,45.64023,431.13958333333335,423.56967
45.50541666666667,25.27233,54.13416666666664,33.646442,1.3079166666666666,4.474484,0.1566666666666666,0.75276154,5.014583333333346,9.628524,1.8870833333333326,1.507396,82.54583333333332,48.031532,499.14874999999995,415.60834
43.274166666666666,32.90799,51.742083333333305,46.23761,8.734166666666667,4.7508044,0.0445833333333333,0.79788154,10.33874999999998,9.681363,1.4741666666666668,1.3993524,73.7304166666667,54.39083,588.8541666666666,444.08844
28.959583333333327,38.098625,33.005000000000024,52.03268,6.245416666666666,5.714963,0.0258333333333333,0.98850286,9.254583333333334,10.996772,1.0170833333333331,1.4171664,75.90625000000001,54.103954,521.26125,487.73697
16.7625,31.40684,17.530000000000005,43.96863,0.60375,5.2242045,0.0020833333333333,0.8807837,2.4079166666666443,11.118468,0.63,1.3597196,84.04208333333334,51.820065,410.83416666666665,456.13773
43.47583333333333,26.567265,50.491250000000015,38.114372,1.1720833333333334,4.3858323,0.0045833333333333,0.705382,2.252083333333311,10.456028,0.7079166666666667,1.2385073,103.80291666666666,52.819748,375.0916666666667,417.7486
66.55,35.35503,88.1445833333333,54.02404,5.3220833333333335,4.297686,0.0841666666666666,0.6145791,4.624583333333331,9.589705,1.3833333333333335,0.98343414,102.43000000000004,66.088646,411.11333333333323,420.26166
81.93375,42.014458,107.45541666666668,62.916336,8.007916666666667,4.437653,0.05374999999999999,0.5966194,6.1545833333333375,9.053352,2.2970833333333336,0.96720916,106.06541666666668,72.26322,460.3466666666665,427.2731
85.37208333333332,45.597668,109.56666666666663,66.92959,12.700416666666666,4.5187955,0.09125,0.5904462,6.4716666666666764,8.770263,2.147083333333333,1.0524485,126.27291666666667,74.625694,454.3666666666666,432.43613
70.08833333333332,45.48616,80.89083333333335,67.90388,3.450416666666667,4.993021,0.0558333333333333,0.5772023,4.38958333333334,9.379331,2.9904166666666665,1.0895208,108.18166666666669,76.66725,438.5120833333333,425.7488
49.500416666666666,37.539803,50.73166666666669,57.950336,1.822916666666667,4.2277527,0.04375,0.51817065,5.823750000000014,8.614777,1.6095833333333334,1.3339543,76.3670833333333,71.3273,561.0383333333333,405.6166
25.36041666666667,38.660015,28.03125,56.951904,2.6083333333333334,4.471445,0.0341666666666666,0.6404323,7.95958333333332,9.429616,2.286666666666666,1.4711179,54.255833333333335,65.57269,679.2537500000001,437.7195
27.526250000000005,36.372387,31.27208333333334,49.30964,3.4783333333333326,4.6473923,0.3754166666666667,0.8897399,11.917083333333332,10.360751,2.9304166666666664,1.8590676,46.73458333333333,52.595806,719.86375,488.50824
62.111250000000005,44.030636,66.07541666666665,55.483337,6.93625,5.139678,0.4345833333333333,1.1998463,12.768333333333315,11.204938,1.9204166666666669,1.940505,61.027916666666684,49.49169,710.9645833333334,570.1459
32.49916666666667,66.541245,41.13458333333331,76.627365,7.647916666666668,6.1040764,0.08625,1.4297101,9.795833333333322,11.98817,1.8737499999999998,1.5640696,57.30999999999998,59.187046,542.9566666666666,666.80066
30.65,38.953587,42.510416666666636,50.51115,7.482500000000001,5.5621357,0.1708333333333333,1.2314233,8.022083333333356,12.407589,2.5466666666666664,1.7593197,76.17458333333333,47.47725,468.6904166666666,556.0155
19.25625,37.376896,23.907916666666644,49.60405,2.0004166666666667,6.0156226,0.1795833333333333,1.1698234,5.8687500000000155,12.553949,3.1437500000000003,1.6906499,64.99874999999999,49.474167,462.85,529.5515
18.133333333333333,30.227667,21.55374999999999,39.068798,2.120833333333333,5.4806623,0.1541666666666666,1.0957218,9.54291666666669,12.069265,3.427083333333333,1.9109585,54.27083333333333,44.00507,562.4291666666667,496.60062
15.249166666666666,32.22271,17.7454166666667,40.04001,1.5225,5.974191,0.1791666666666666,1.3040386,5.482500000000002,12.467905,1.7074999999999998,2.0501688,57.205416666666686,40.866924,482.0420833333333,532.57574
17.318749999999998,30.06711,22.19874999999997,39.518,0.6925,5.3150907,0.0420833333333333,1.0528492,2.7387500000000173,11.944163,1.1345833333333333,1.6429337,69.52875000000003,45.377663,364.9391666666667,488.30225
29.49791666666667,26.11486,42.052499999999995,36.38552,0.6945833333333334,4.654335,0.0545833333333333,0.7600082,2.5566666666666826,10.8370285,1.4895833333333333,1.371965,77.21750000000004,50.932957,360.2108333333333,425.16428
42.15708333333333,26.539383,54.61208333333335,38.72149,3.1845833333333338,4.4776826,0.0220833333333333,0.6482871,5.32833333333334,9.972035,1.4058333333333335,1.2761301,77.78458333333336,55.959553,463.82291666666674,403.85544
46.8975,32.355145,54.20541666666665,47.56858,3.68875,4.5971785,0.0154166666666666,0.689327,4.434999999999997,9.755062,1.0066666666666666,1.2321632,87.76833333333332,59.674446,449.77624999999995,426.06177
80.72041666666667,32.72635,101.53125000000001,49.392113,5.230833333333334,4.1923394,0.0766666666666666,0.6042909,4.4637499999999815,9.106963,0.4895833333333333,1.1320441,101.47625000000002,63.220776,497.0625,412.7543
75.71166666666666,54.660797,89.63166666666666,76.15826,3.9604166666666663,4.4989686,0.0837499999999999,0.61953425,5.302499999999995,8.748526,0.6675,0.88617235,97.51249999999997,79.036156,585.7937499999999,457.27798
45.13708333333333,54.921173,55.34124999999998,75.435936,3.165833333333333,4.121247,0.04916666666666661,0.6409533,5.289583333333322,8.590219,0.9470833333333334,0.94128436,97.39291666666662,76.44767,549.6333333333333,472.18
74.80583333333333,42.637085,89.08875,62.036182,5.9875,3.6724224,0.0525,0.6173568,7.4391666666666625,8.618874,1.117916666666667,1.047848,97.27625,68.35475,553.9458333333333,450.16455
75.94500000000001,64.4703,93.24624999999999,83.62702,3.9775,4.2886205,0.0629166666666666,0.67591995,5.865833333333327,8.668308,2.294166666666667,0.9080944,93.52041666666669,80.373634,499.5658333333332,497.61526
46.46416666666666,53.00179,58.311666666666696,72.7687,2.5683333333333334,3.9266183,0.2241666666666666,0.638846,6.242500000000013,8.324051,2.6245833333333333,1.119261,75.66791666666664,74.16136,452.0012500000001,472.43765
56.80083333333334,39.15773,67.4675,56.0936,3.6050000000000004,3.7658184,0.2741666666666666,0.6579183,6.5825000000000085,8.636168,2.708333333333333,1.4378405,76.92625,62.79889,483.85041666666666,451.63943
61.01916666666667,47.046673,68.75708333333334,64.64413,4.40125,4.2554994,0.3325,0.7284197,7.234583333333327,8.934449,1.7474999999999998,1.4249504,86.3525,66.33126,503.7383333333333,478.78406
78.67125,47.53691,88.39291666666665,65.72148,5.02125,4.456867,0.22375,0.71885747,6.85333333333333,9.121437,1.7912500000000002,1.374661,90.01749999999998,67.841354,507.6325,474.5007
99.4529166666667,53.921024,115.99708333333332,72.735016,4.663333333333333,4.6415243,0.1025,0.71583164,7.390833333333316,9.085119,1.9804166666666667,1.2896005,92.73083333333335,72.40047,554.6408333333333,484.0017
78.73041666666667,60.282272,95.32124999999999,79.039474,4.720416666666666,4.7475157,0.1254166666666666,0.7055465,6.962916666666645,8.899142,2.1225,1.2381328,89.67583333333333,76.481,514.3083333333333,491.87592
45.5825,43.470676,60.25833333333335,62.387356,1.2862499999999997,4.3769903,0.026666666666666602,0.64208037,2.5574999999999943,8.844334,1.086666666666667,1.4396142,107.46749999999999,68.0783,469.8033333333333,447.9121
33.60208333333333,37.433876,41.18375000000004,55.797276,3.987916666666666,3.9680488,0.0670833333333333,0.5869777,6.877083333333347,8.800513,1.93625,1.3887945,76.65166666666669,65.74209,428.0808333333334,427.9115
15.06125,31.506477,18.074583333333315,46.8118,1.2029166666666664,4.049557,0.1425,0.6018181,3.1320833333333264,9.138838,1.2291666666666667,1.4982972,73.82041666666666,60.152603,432.67,415.6304
23.348333333333333,26.063717,31.09750000000003,37.78474,0.6483333333333333,3.8637629,0.015,0.5918086,2.395416666666677,9.395986,1.4145833333333335,1.4910665,84.25083333333333,55.072666,415.98125,401.7467
21.79208333333333,27.776754,30.003333333333313,41.30673,0.7683333333333335,3.8134859,0.04375,0.57798356,2.3345833333333137,9.241537,1.3004166666666668,1.3392053,85.77041666666668,58.033455,378.15125,402.93982
55.89333333333334,24.416414,73.81375000000003,35.904854,1.6929166666666668,3.5769582,0.0287499999999999,0.52827275,1.9987500000000233,8.958554,0.62625,1.3064545,112.97958333333334,56.728123,405.5495833333334,385.1133
73.375,37.395702,90.34291666666668,58.28626,2.4858333333333333,3.6880982,0.0699999999999999,0.4907759,3.4124999999999757,8.231222,0.7670833333333333,0.96647364,114.08375,72.7909,464.6575,402.59204
62.166666666666664,45.13176,74.98916666666663,67.882065,3.912916666666666,3.5164678,0.049583333333333306,0.47769916,4.072916666666655,7.583336,0.7983333333333333,0.90085226,102.37041666666666,78.55908,404.43625,415.89404
35.07958333333333,36.36208,39.68666666666668,58.07901,1.3925,3.1776328,0.0220833333333333,0.41335148,2.639999999999997,7.171579,0.9499999999999998,0.94092286,83.74583333333332,75.41568,419.8754166666667,386.57248
88.32833333333333,30.221273,110.0683333333333,47.886517,8.758333333333333,3.03683,0.1625,0.4310207,6.782916666666688,7.352421,1.194583333333333,1.0868242,100.13708333333336,67.55257,495.11500000000007,381.8077
72.17083333333333,61.827343,88.46041666666667,83.83338,4.944583333333333,4.1503954,0.1233333333333333,0.5462492,6.71124999999998,7.912427,1.9254166666666668,0.8431579,88.155,85.84372,515.5604166666667,453.1648
75.01916666666666,44.91009,91.48625,65.81667,4.995416666666666,3.612602,0.1470833333333333,0.5365958,6.300416666666687,7.740764,1.6366666666666667,1.1150602,91.10541666666667,73.59758,482.3208333333334,431.6251
33.770833333333336,49.193527,45.8633333333333,70.703926,1.4854166666666666,3.8042355,0.2904166666666666,0.54405284,6.332083333333311,7.8406706,2.3312500000000003,1.0955101,66.77166666666665,76.52166,396.23208333333326,438.68518
28.91458333333334,28.906336,38.697499999999984,43.064404,1.1429166666666666,3.3560805,0.1566666666666666,0.52652836,6.103750000000008,7.962234,2.435,1.5108006,68.27666666666667,59.27512,351.7275,398.86774
59.01125,28.915697,71.42916666666669,42.836056,3.11875,3.4360964,0.095,0.5366364,6.268333333333358,7.9906225,1.5120833333333332,1.5312343,75.355,58.925056,426.9675,398.9512
77.37166666666667,41.523624,88.38041666666669,60.680355,3.342916666666667,4.017719,0.1329166666666666,0.59060776,6.602916666666681,8.226379,0.9820833333333333,1.2762104,74.75916666666667,68.86031,449.7766666666666,430.9629
77.08916666666667,45.893154,86.26249999999997,66.423515,2.525,3.8968015,0.1358333333333333,0.5592362,6.460416666666676,7.7420945,1.12,1.1620687,82.93874999999998,73.2704,457.00958333333324,432.25348
83.89166666666667,44.96664,94.89041666666667,65.52582,2.0733333333333333,3.6672103,0.0933333333333333,0.536507,7.611666666666669,7.379293,1.6979166666666667,1.1738819,90.07708333333329,72.92527,511.2479166666667,427.64822
67.04958333333333,50.826023,77.27958333333332,70.89247,1.393333333333333,3.7056658,0.1241666666666666,0.5772788,4.762916666666681,7.327145,1.1708333333333334,1.1985483,92.32749999999999,73.9407,425.2987499999999,449.7883
49.97666666666667,39.26828,60.3258333333333,59.086193,5.363333333333333,3.214711,0.16,0.47793603,6.4083333333333306,6.6880126,1.6129166666666668,1.21164,70.95916666666669,70.56797,408.6095833333333,407.4012
20.942083333333333,34.12023,26.75250000000003,51.229736,0.7666666666666666,3.5098684,0.2254166666666666,0.52514243,3.7554166666666604,7.4523005,1.5045833333333334,1.3499707,49.225416666666696,64.36369,365.6345833333333,404.71606
21.567916666666665,23.943207,26.906666666666656,34.083683,0.8454166666666667,3.155453,0.0974999999999999,0.49188754,4.450416666666653,7.400525,2.2583333333333333,1.5027891,54.12041666666667,54.75845,419.3183333333333,377.17175
17.1225,26.082022,22.47416666666669,36.066868,1.168333333333333,3.544336,0.5420833333333334,0.6063127,5.4020833333333265,8.123014,3.789166666666666,1.610001,41.011666666666684,51.74515,432.9470833333333,402.32062
17.464166666666667,22.557652,23.437499999999982,26.82446,2.270833333333333,3.6069105,0.6175,0.7060355,9.578750000000019,8.499838,3.646666666666667,1.9932019,50.39541666666666,42.169193,444.90833333333336,410.54617
24.76625,22.233799,31.058333333333305,25.289078,2.1475,3.9707935,0.4475,0.7808431,12.01333333333332,9.043268,4.290416666666666,2.0829988,54.81749999999998,39.730125,467.9945833333333,417.90494
47.650416666666665,23.437101,54.80208333333332,26.73193,2.411666666666666,4.319915,0.45000000000000007,0.8653241,11.07541666666668,9.403036,5.183333333333333,2.2209587,61.90291666666668,38.70555,490.5254166666667,432.8575
81.99125,28.120914,95.1425,34.716274,1.6608333333333334,4.7502575,0.27,0.93516684,8.49124999999998,9.49975,2.1591666666666667,2.280202,73.11916666666664,42.113655,514.3079166666666,456.28198
84.53291666666667,42.98543,96.58458333333337,58.741142,1.6408333333333336,4.95916,0.2816666666666667,0.8111338,8.991250000000013,9.136257,2.315,1.5541912,68.15083333333334,60.75223,536.97875,471.6762
85.22375,43.14613,94.24500000000002,59.225807,1.2975,4.6831584,0.1095833333333333,0.78832644,7.0637499999999935,9.033344,2.085833333333333,1.5672361,78.37916666666666,60.858437,509.99625000000003,473.33783
66.41,45.332382,74.47291666666669,62.99895,1.6158333333333337,4.3514647,0.1504166666666666,0.70179915,6.007083333333315,8.462482,1.8362500000000002,1.4523829,85.39541666666666,65.24035,509.02333333333337,463.1671
59.97708333333333,42.816017,73.90458333333338,60.34033,2.5816666666666666,4.1757207,0.1320833333333333,0.6839036,6.015000000000021,8.526311,2.20875,1.4634376,107.52624999999998,63.91408,458.6779166666667,457.58173
60.335,40.948402,76.59500000000001,59.081646,1.92625,4.097818,0.4166666666666667,0.62429893,6.868749999999986,8.32429,2.74875,1.4244641,86.12124999999999,65.55007,450.47291666666666,439.63
49.60000000000001,40.346764,62.785833333333336,58.14856,1.8945833333333333,4.0351305,0.2316666666666666,0.6133984,8.951249999999979,8.108381,3.6854166666666663,1.5121511,64.35833333333332,65.24704,467.16125000000005,436.38748
36.55291666666667,33.419937,45.58083333333334,47.184,1.9804166666666667,3.929276,0.26875,0.6530477,11.05374999999999,8.205281,4.385833333333333,1.8627398,55.905833333333334,56.533306,480.37375,431.45297
38.34291666666667,28.51217,47.90250000000002,37.71437,3.5133333333333336,3.9586823,2.3841666666666668,0.7219534,14.65291666666666,8.524262,6.81375,2.226473,50.88666666666664,48.159916,622.92875,432.92606
25.74041666666666,31.466827,33.600833333333334,37.862087,2.762916666666667,4.8172736,0.9625,1.0727546,11.152916666666666,9.716431,6.892083333333333,2.8713143,44.30000000000001,39.548782,533.6395833333333,498.73483
31.569166666666664,25.367302,39.06541666666664,28.04905,1.4574999999999996,4.4229383,0.5725,0.97539866,5.878333333333344,9.413067,3.276666666666667,3.111429,60.98916666666669,35.210045,421.82249999999993,464.16837
45.943333333333335,27.732231,55.79249999999999,35.568695,1.6404166666666666,4.755591,0.36375,0.83846587,6.591249999999976,9.719277,3.240833333333333,2.375114,72.79291666666666,44.94437,407.7745833333333,443.52127
59.51458333333333,30.148268,71.31958333333331,41.26262,2.3745833333333333,4.963007,0.6925,0.76872605,9.556666666666674,9.683811,6.730833333333333,2.1076975,71.77666666666666,51.221172,500.4008333333333,434.63168
55.96208333333334,29.354015,68.06791666666666,37.28732,2.53875,5.449354,0.8187500000000001,0.9216265,9.847500000000013,10.010002,6.654583333333334,2.7891426,68.35208333333335,44.26349,511.11083333333335,455.8546
31.30541666666667,27.800983,42.15291666666666,35.070385,2.4625,5.351533,0.6191666666666666,0.8877099,9.97666666666669,9.98329,7.844583333333332,2.88549,59.46958333333334,43.378197,429.8883333333333,446.5443
34.33291666666667,20.55969,46.44958333333335,20.794168,1.5195833333333335,5.139854,0.6862499999999999,0.83763236,6.832500000000001,9.985365,3.767083333333333,3.5114233,58.65458333333331,35.45964,383.1579166666667,415.18744
36.53875,24.00539,47.10583333333331,30.764639,1.3512499999999998,5.479183,0.42791666666666656,0.7401281,5.717499999999994,10.110122,3.4891666666666663,2.7023282,59.56625000000001,45.77355,352.4220833333334,407.2856
28.2175,21.719187,37.70333333333332,27.742056,1.4704166666666667,5.171615,0.5850000000000001,0.64131725,6.093750000000024,9.837009,4.1120833333333335,2.483058,54.54875000000001,47.209682,361.87875,384.87167
34.97708333333333,17.811064,45.47166666666664,18.10638,1.9366666666666663,5.1177764,0.46624999999999994,0.6382261,5.294583333333339,9.889051,2.69375,2.731454,73.42458333333332,41.291264,383.0195833333333,371.645
49.98875,22.016722,63.13583333333332,29.145483,3.015833333333333,5.070882,0.1433333333333333,0.6126283,4.976666666666689,9.720235,1.08625,2.2102163,82.2679166666667,49.42248,389.2770833333333,380.35864
55.71833333333332,27.945627,75.19291666666666,42.54674,3.1750000000000003,4.989299,0.06124999999999999,0.55987996,4.3945833333333555,9.520184,0.9112500000000001,1.6289326,83.17750000000002,60.316643,404.29833333333335,385.81696
54.30416666666667,28.74729,73.36958333333332,44.912045,2.4858333333333333,4.725104,0.05625000000000001,0.52150124,3.910833333333338,9.284666,1.215,1.4228741,85.20333333333336,63.39125,437.8158333333333,381.81943
41.96083333333333,28.872429,54.761250000000004,44.94265,2.518333333333333,4.3968806,0.0195833333333333,0.51311296,4.892916666666669,8.950466,1.4270833333333333,1.3752781,80.37583333333332,63.330357,416.39875,383.335
20.49375,25.12565,25.036666666666665,38.023212,0.5054166666666666,4.069848,0.026666666666666602,0.5027333,1.6037499999999925,8.801179,1.0204166666666663,1.4092793,71.97250000000001,59.124462,367.44375,375.0441
26.461250000000003,21.469107,33.735833333333304,30.718784,0.6533333333333333,3.5426111,0.0458333333333333,0.47409195,2.7404166666666896,8.545121,1.7254166666666666,1.4006305,53.79249999999999,55.192127,374.67541666666665,365.03665
33.75,23.980698,43.06500000000001,34.62135,1.7295833333333333,3.567266,0.4566666666666666,0.5193849,8.437916666666666,8.346666,3.8875,1.4022827,34.482916666666675,55.453224,499.2875,379.2045
36.15875,26.751228,44.63958333333333,35.237526,3.0141666666666667,3.903316,0.4908333333333333,0.7252001,11.504166666666663,8.736632,4.776666666666666,1.801061,33.395833333333364,47.572334,536.56125,424.88763
38.79,27.38687,47.693333333333335,33.90201,2.353333333333333,4.050504,1.0833333333333333,0.86598706,18.73499999999999,9.011979,6.745,2.1113465,5.598333333333336,42.17901,683.15,452.671
39.43555555555556,32.30173,52.83055555555554,37.14015,5.07,4.4839673,2.397777777777778,1.2450399,7.718333333333345,9.663298,2.120555555555556,2.6562538,59.83000000000002,35.120792,450.61166666666674,534.01385
40.08125,31.351095,55.03333333333335,41.020798,2.79375,4.5196676,0.5183333333333333,0.9108701,6.523750000000023,9.59782,2.8954166666666663,1.8406688,63.273750000000014,46.260025,409.445,466.70767
47.85458333333333,30.00513,62.99291666666668,40.071945,1.748333333333333,4.7804995,0.44249999999999995,0.8562975,5.787916666666685,9.773527,2.765,1.8361548,65.98666666666668,47.932594,415.70166666666665,448.50485
32.70375,30.869638,41.62666666666664,42.612495,0.9804166666666668,4.90375,0.1354166666666666,0.79412806,4.331666666666665,9.638262,2.41375,1.7481341,59.85916666666663,51.638245,351.44875,437.3488
11.409583333333332,23.287416,15.144166666666681,30.71687,1.7,4.4299173,0.0520833333333333,0.6685607,7.115416666666683,9.350702,2.861666666666667,1.8210952,40.925833333333365,47.885784,378.7083333333333,396.65845
15.20291666666667,19.618797,20.107500000000016,21.502258,3.205416666666667,4.567477,0.93125,0.73191607,15.11208333333335,9.945509,5.496666666666666,2.089385,22.830833333333345,40.181293,567.1583333333333,395.0085
34.17375,22.735538,41.35833333333335,23.090572,6.623333333333334,5.695493,5.38375,1.1512814,18.13,11.154333,6.883333333333333,2.7478545,31.474583333333328,31.244537,723.4808333333335,462.44876
18.660416666666663,28.583601,25.588333333333345,30.678434,4.464583333333333,7.381434,5.0375000000000005,1.6245912,10.890416666666656,12.325057,3.3216666666666668,2.976291,28.69375000000001,29.140108,551.9991666666666,535.1157
9.220833333333331,22.509119,13.066666666666666,23.089888,2.3975,6.5757966,1.0158333333333334,1.2361025,4.629583333333348,12.036274,2.2445833333333334,2.4175718,30.882499999999975,30.975346,374.3958333333333,462.27875
10.352916666666667,17.412306,14.028333333333363,14.178817,1.324583333333333,6.0787716,0.9700000000000001,0.9738286,5.6354166666666465,11.9152155,2.934583333333333,2.1799786,19.527916666666684,31.518604,439.20708333333323,408.1874
15.360833333333334,18.783602,19.991250000000015,16.649508,4.0408333333333335,6.420706,1.5841666666666665,1.0974312,8.139999999999983,12.328861,2.28,2.1849875,19.437083333333344,30.639015,471.61291666666665,428.01508
14.147083333333331,20.059587,18.782083333333336,19.864809,1.89125,6.8719015,1.03625,1.1596141,4.812916666666649,12.799737,2.20875,1.9472221,22.542083333333306,32.15083,402.90833333333336,437.6643
